1, 0.000151414, 1, 1, 2
2, 0.000110564, 1, 2, 2
3, 0.000114565, 1, 3, 2
4, 0.000113919, 1, 4, 2
5, 0.000102068, 1, 5, 2
6, 0.000113268, 1, 6, 2
7, 0.000114175, 1, 7, 2
8, 0.000113111, 1, 8, 2
9, 0.000103533, 1, 9, 2
10, 0.000114974, 1, 10, 2
11, 0.000113450, 1, 11, 2
12, 0.000113171, 1, 12, 2
13, 0.000114869, 1, 13, 2
14, 0.000109282, 1, 14, 2
15, 0.000115119, 1, 15, 2
16, 0.000119630, 1, 16, 2
17, 0.000104133, 1, 17, 2
18, 0.000115613, 1, 18, 2
19, 0.000113753, 1, 19, 2
20, 0.000114642, 1, 20, 2
21, 0.000109796, 1, 21, 2
22, 0.000115774, 1, 22, 2
23, 0.000114035, 1, 23, 2
24, 0.000073479, 1, 24, 2
25, 0.000105617, 1, 25, 2
26, 0.000115022, 1, 26, 2
27, 0.000114666, 1, 27, 2
28, 0.000149457, 1, 28, 2
29, 0.000119268, 1, 29, 2
30, 0.000109974, 1, 30, 2
31, 0.000128739, 1, 31, 2
32, 0.000096107, 1, 32, 2
33, 0.000115103, 1, 33, 2
34, 0.000113870, 1, 34, 2
35, 0.000115141, 1, 35, 2
36, 0.000110449, 1, 36, 2
37, 0.000115382, 1, 37, 2
38, 0.000114211, 1, 38, 2
39, 0.000101574, 1, 39, 2
40, 0.000110066, 1, 40, 2
41, 0.000115408, 1, 41, 2
42, 0.000115559, 1, 42, 2
43, 0.000123828, 1, 43, 2
44, 0.000113303, 1, 44, 2
45, 0.000115546, 1, 45, 2
46, 0.000113420, 1, 46, 2
47, 0.000100512, 1, 47, 2
48, 0.000114661, 1, 48, 2
49, 0.000113713, 1, 49, 2
50, 0.000116102, 1, 50, 2
51, 0.000116976, 1, 51, 2
52, 0.000110126, 1, 52, 2
53, 0.000117115, 1, 53, 2
54, 0.000090643, 1, 54, 2
55, 0.000109319, 1, 55, 2
56, 0.000115164, 1, 56, 2
57, 0.000113855, 1, 57, 2
58, 0.000105115, 1, 58, 2
59, 0.000119766, 1, 59, 2
60, 0.000112891, 1, 60, 2
61, 0.000117777, 1, 61, 2
62, 0.000110511, 1, 62, 2
63, 0.000115500, 1, 63, 2
64, 0.000113579, 1, 64, 2
65, 0.000120319, 1, 65, 2
66, 0.000106285, 1, 66, 2
67, 0.000118260, 1, 67, 2
68, 0.000113417, 1, 68, 2
69, 0.000116035, 1, 69, 2
70, 0.000113309, 1, 70, 2
71, 0.000115925, 1, 71, 2
72, 0.000113674, 1, 72, 2
73, 0.000101906, 1, 73, 2
74, 0.000109790, 1, 74, 2
75, 0.000119583, 1, 75, 2
76, 0.000113377, 1, 76, 2
77, 0.000143923, 1, 77, 2
78, 0.000108673, 1, 78, 2
79, 0.000119694, 1, 79, 2
80, 0.000117826, 1, 80, 2
81, 0.000103231, 1, 81, 2
82, 0.000116131, 1, 82, 2
83, 0.000115149, 1, 83, 2
84, 0.000114851, 1, 84, 2
85, 0.000113217, 1, 85, 2
86, 0.000114045, 1, 86, 2
87, 0.000114262, 1, 87, 2
88, 0.000105074, 1, 88, 2
89, 0.000113345, 1, 89, 2
90, 0.000115769, 1, 90, 2
91, 0.000114337, 1, 91, 2
92, 0.000125664, 1, 92, 2
93, 0.000115914, 1, 93, 2
94, 0.000109994, 1, 94, 2
95, 0.000114591, 1, 95, 2
96, 0.000084745, 1, 96, 2
97, 0.000113296, 1, 97, 2
98, 0.000114310, 1, 98, 2
99, 0.000127336, 1, 99, 2
100, 0.000115625, 1, 100, 2
101, 0.000114121, 1, 101, 2
102, 0.000114629, 1, 102, 2
103, 0.000101558, 1, 103, 2
104, 0.000113715, 1, 104, 2
105, 0.000114677, 1, 105, 2
106, 0.000114894, 1, 106, 2
107, 0.000108365, 1, 107, 2
108, 0.000113502, 1, 108, 2
109, 0.000117783, 1, 109, 2
110, 0.000113155, 1, 110, 2
111, 0.000109396, 1, 111, 2
112, 0.000114757, 1, 112, 2
113, 0.000115303, 1, 113, 2
114, 0.000119595, 1, 114, 2
115, 0.000105262, 1, 115, 2
116, 0.000116035, 1, 116, 2
117, 0.000113727, 1, 117, 2
118, 0.000116728, 1, 118, 2
119, 0.000108422, 1, 119, 2
120, 0.000116203, 1, 120, 2
121, 0.000115625, 1, 121, 2
122, 0.000099418, 1, 122, 2
123, 0.000113821, 1, 123, 2
124, 0.000114448, 1, 124, 2
125, 0.000116459, 1, 125, 2
126, 0.000148718, 1, 126, 2
127, 0.000115658, 1, 127, 2
128, 0.000114823, 1, 128, 2
129, 0.000120179, 1, 129, 2
130, 0.000106082, 1, 130, 2
131, 0.000114932, 1, 131, 2
132, 0.000115261, 1, 132, 2
133, 0.000115836, 1, 133, 2
134, 0.000113998, 1, 134, 2
135, 0.000113181, 1, 135, 2
136, 0.000115182, 1, 136, 2
137, 0.000088280, 1, 137, 2
138, 0.000109421, 1, 138, 2
139, 0.000116566, 1, 139, 2
140, 0.000114135, 1, 140, 2
141, 0.000125589, 1, 141, 2
142, 0.000110201, 1, 142, 2
143, 0.000114014, 1, 143, 2
144, 0.000108497, 1, 144, 2
145, 0.000102332, 1, 145, 2
146, 0.000116638, 1, 146, 2
147, 0.000165988, 1, 147, 2
148, 0.000126887, 0, 148, 2
149, 0.000119661, 0, 148, 2
150, 0.000010706, 1, 148, 2
151, 0.000126374, 1, 149, 2
152, 0.000121202, 0, 150, 2
153, 0.000054274, 1, 150, 2
154, 0.000121393, 0, 151, 2
155, 0.000041143, 1, 151, 2
156, 0.000121263, 0, 152, 2
157, 0.000042382, 1, 152, 2
158, 0.000121285, 0, 153, 2
159, 0.000041499, 1, 153, 2
160, 0.000120161, 1, 154, 2
161, 0.000123165, 0, 155, 2
162, 0.000121219, 0, 156, 2
163, 0.000027729, 1, 156, 2
164, 0.000121351, 0, 157, 2
165, 0.000034645, 1, 157, 2
166, 0.000096731, 1, 158, 2
167, 0.000123238, 1, 159, 2
168, 0.000121035, 0, 160, 2
169, 0.000032210, 1, 160, 2
170, 0.000123489, 0, 161, 2
171, 0.000008707, 1, 161, 2
172, 0.000121347, 0, 162, 2
173, 0.000036720, 1, 162, 2
174, 0.000121134, 0, 163, 2
175, 0.000032689, 1, 163, 2
176, 0.000101910, 0, 164, 2
177, 0.000052376, 1, 164, 2
178, 0.000120809, 0, 165, 2
179, 0.000052368, 1, 165, 2
180, 0.000121092, 0, 166, 2
181, 0.000042827, 1, 166, 2
182, 0.000121049, 0, 167, 2
183, 0.000059210, 1, 167, 2
184, 0.000123306, 0, 168, 2
185, 0.000121164, 0, 169, 2
186, 0.000059581, 1, 169, 2
187, 0.000121274, 0, 170, 2
188, 0.000008476, 1, 170, 2
189, 0.000121041, 0, 171, 2
190, 0.000041693, 1, 171, 2
191, 0.000123111, 0, 172, 2
192, 0.000120983, 0, 173, 2
193, 0.000036729, 1, 173, 2
194, 0.000121273, 0, 174, 2
195, 0.000025682, 1, 174, 2
196, 0.000124422, 1, 175, 2
197, 0.000121011, 0, 176, 2
198, 0.000035518, 1, 176, 2
199, 0.000120971, 0, 177, 2
200, 0.000008429, 1, 177, 2
201, 0.000121495, 0, 178, 2
202, 0.000070378, 1, 178, 2
203, 0.000123016, 0, 179, 2
204, 0.000121113, 0, 180, 2
205, 0.000034331, 1, 180, 2
206, 0.000121685, 0, 181, 2
207, 0.000008442, 1, 181, 2
208, 0.000122366, 0, 182, 2
209, 0.000025343, 1, 182, 2
210, 0.000121801, 0, 183, 2
211, 0.000008519, 1, 183, 2
212, 0.000120951, 0, 184, 2
213, 0.000049297, 1, 184, 2
214, 0.000121479, 0, 185, 2
215, 0.000008574, 1, 185, 2
216, 0.000120890, 0, 186, 2
217, 0.000036169, 1, 186, 2
218, 0.000121247, 0, 187, 2
219, 0.000032134, 1, 187, 2
220, 0.000123660, 1, 188, 2
221, 0.000121127, 0, 189, 2
222, 0.000035293, 1, 189, 2
223, 0.000123252, 0, 190, 2
224, 0.000112255, 0, 191, 2
225, 0.000042966, 1, 191, 2
226, 0.000121356, 0, 192, 2
227, 0.000026987, 1, 192, 2
228, 0.000124392, 0, 193, 2
229, 0.000120762, 0, 194, 2
230, 0.000031663, 1, 194, 2
231, 0.000121966, 0, 195, 2
232, 0.000045417, 1, 195, 2
233, 0.000121073, 0, 196, 2
234, 0.000026349, 1, 196, 2
235, 0.000120989, 0, 197, 2
236, 0.000027323, 1, 197, 2
237, 0.000120797, 0, 198, 2
238, 0.000030583, 1, 198, 2
239, 0.000121070, 0, 199, 2
240, 0.000030510, 1, 199, 2
241, 0.000122414, 0, 200, 2
242, 0.000026486, 1, 200, 2
243, 0.000128889, 0, 201, 2
244, 0.000008575, 1, 201, 2
245, 0.000121079, 0, 202, 2
246, 0.000025494, 1, 202, 2
247, 0.000120793, 0, 203, 2
248, 0.000008523, 1, 203, 2
249, 0.000120869, 0, 204, 2
250, 0.000030272, 1, 204, 2
251, 0.000123764, 1, 205, 2
252, 0.000120953, 0, 206, 2
253, 0.000036454, 1, 206, 2
254, 0.000122093, 0, 207, 2
255, 0.000026234, 1, 207, 2
256, 0.000086476, 0, 208, 2
257, 0.000057304, 1, 208, 2
258, 0.000121091, 0, 209, 2
259, 0.000008566, 1, 209, 2
260, 0.000120798, 0, 210, 2
261, 0.000026567, 1, 210, 2
262, 0.000120927, 0, 211, 2
263, 0.000008621, 1, 211, 2
264, 0.000121864, 0, 212, 2
265, 0.000050275, 1, 212, 2
266, 0.000121406, 0, 213, 2
267, 0.000008467, 1, 213, 2
268, 0.000120789, 0, 214, 2
269, 0.000029358, 1, 214, 2
270, 0.000120537, 1, 215, 2
271, 0.000121139, 0, 216, 2
272, 0.000025734, 1, 216, 2
273, 0.000120877, 0, 217, 2
274, 0.000030535, 1, 217, 2
275, 0.000122026, 0, 218, 2
276, 0.000025547, 1, 218, 2
277, 0.000120855, 0, 219, 2
278, 0.000025485, 1, 219, 2
279, 0.000120975, 0, 220, 2
280, 0.000008463, 1, 220, 2
281, 0.000120703, 0, 221, 2
282, 0.000033858, 1, 221, 2
283, 0.000124659, 1, 222, 2
284, 0.000122770, 0, 223, 2
285, 0.000120769, 0, 224, 2
286, 0.000038722, 1, 224, 2
287, 0.000121746, 0, 225, 2
288, 0.000040187, 1, 225, 2
289, 0.000123009, 0, 226, 2
290, 0.000125507, 0, 227, 2
291, 0.000121115, 0, 228, 2
292, 0.000040833, 1, 228, 2
293, 0.000121627, 0, 229, 2
294, 0.000008702, 1, 229, 2
295, 0.000120883, 0, 230, 2
296, 0.000038677, 1, 230, 2
297, 0.000121249, 0, 231, 2
298, 0.000026221, 1, 231, 2
299, 0.000126821, 1, 232, 2
300, 0.000121219, 0, 233, 2
301, 0.000026118, 1, 233, 2
302, 0.000120770, 0, 234, 2
303, 0.000026182, 1, 234, 2
304, 0.000120821, 0, 235, 2
305, 0.000030957, 1, 235, 2
306, 0.000121160, 0, 236, 2
307, 0.000025633, 1, 236, 2
308, 0.000120859, 0, 237, 2
309, 0.000032545, 1, 237, 2
310, 0.000120954, 0, 238, 2
311, 0.000025359, 1, 238, 2
312, 0.000125722, 1, 239, 2
313, 0.000120855, 0, 240, 2
314, 0.000025633, 1, 240, 2
315, 0.000120994, 0, 241, 2
316, 0.000008350, 1, 241, 2
317, 0.000127704, 0, 242, 2
318, 0.000039429, 1, 242, 2
319, 0.000122523, 0, 243, 2
320, 0.000025433, 1, 243, 2
321, 0.000120919, 0, 244, 2
322, 0.000028174, 1, 244, 2
323, 0.000120791, 0, 245, 2
324, 0.000029128, 1, 245, 2
325, 0.000121270, 0, 246, 2
326, 0.000061291, 1, 246, 2
327, 0.000121019, 0, 247, 2
328, 0.000026363, 1, 247, 2
329, 0.000120775, 0, 248, 2
330, 0.000030213, 1, 248, 2
331, 0.000121676, 0, 249, 2
332, 0.000008663, 1, 249, 2
333, 0.000121780, 0, 250, 2
334, 0.000030822, 1, 250, 2
335, 0.000123803, 0, 251, 2
336, 0.000120994, 0, 252, 2
337, 0.000052514, 1, 252, 2
338, 0.000121035, 0, 253, 2
339, 0.000025902, 1, 253, 2
340, 0.000120819, 0, 254, 2
341, 0.000026215, 1, 254, 2
342, 0.000120828, 0, 255, 2
343, 0.000026120, 1, 255, 2
344, 0.000123514, 1, 256, 2
345, 0.000122174, 0, 257, 2
346, 0.000025014, 1, 257, 2
347, 0.000120950, 0, 258, 2
348, 0.000026613, 1, 258, 2
349, 0.000087677, 0, 259, 2
350, 0.000054776, 1, 259, 2
351, 0.000120914, 0, 260, 2
352, 0.000026773, 1, 260, 2
353, 0.000121055, 0, 261, 2
354, 0.000027365, 1, 261, 2
355, 0.000121005, 0, 262, 2
356, 0.000030939, 1, 262, 2
357, 0.000121349, 0, 263, 2
358, 0.000032166, 1, 263, 2
359, 0.000122195, 0, 264, 2
360, 0.000026432, 1, 264, 2
361, 0.000121101, 0, 265, 2
362, 0.000025628, 1, 265, 2
363, 0.000124493, 1, 266, 2
364, 0.000120915, 0, 267, 2
365, 0.000026676, 1, 267, 2
366, 0.000123061, 0, 268, 2
367, 0.000120978, 0, 269, 2
368, 0.000044095, 1, 269, 2
369, 0.000123147, 1, 270, 2
370, 0.000121915, 0, 271, 2
371, 0.000026143, 1, 271, 2
372, 0.000121113, 0, 272, 2
373, 0.000026122, 1, 272, 2
374, 0.000123373, 1, 273, 2
375, 0.000120898, 0, 274, 2
376, 0.000025714, 1, 274, 2
377, 0.000121887, 0, 275, 2
378, 0.000008537, 1, 275, 2
379, 0.000118045, 0, 276, 2
380, 0.000047923, 1, 276, 2
381, 0.000123039, 1, 277, 2
382, 0.000120706, 0, 278, 2
383, 0.000028500, 1, 278, 2
384, 0.000121720, 0, 279, 2
385, 0.000008551, 1, 279, 2
386, 0.000120934, 0, 280, 2
387, 0.000037205, 1, 280, 2
388, 0.000121055, 0, 281, 2
389, 0.000008426, 1, 281, 2
390, 0.000121897, 0, 282, 2
391, 0.000027507, 1, 282, 2
392, 0.000075404, 0, 283, 2
393, 0.000057678, 1, 283, 2
394, 0.000121150, 0, 284, 2
395, 0.000008577, 1, 284, 2
396, 0.000120603, 0, 285, 2
397, 0.000031773, 1, 285, 2
398, 0.000122934, 0, 286, 2
399, 0.000121325, 0, 287, 2
400, 0.000055505, 1, 287, 2
401, 0.000120793, 0, 288, 2
402, 0.000028074, 1, 288, 2
403, 0.000122093, 0, 289, 2
404, 0.000027167, 1, 289, 2
405, 0.000120916, 0, 290, 2
406, 0.000034478, 1, 290, 2
407, 0.000120730, 0, 291, 2
408, 0.000032308, 1, 291, 2
409, 0.000120811, 0, 292, 2
410, 0.000025988, 1, 292, 2
411, 0.000124849, 0, 293, 2
412, 0.000032247, 1, 293, 2
413, 0.000125078, 1, 294, 2
414, 0.000120839, 0, 295, 2
415, 0.000036577, 1, 295, 2
416, 0.000122145, 0, 296, 2
417, 0.000026011, 1, 296, 2
418, 0.000120974, 0, 297, 2
419, 0.000058134, 1, 297, 2
420, 0.000120875, 0, 298, 2
421, 0.000027342, 1, 298, 2
422, 0.000120878, 0, 299, 2
423, 0.000031429, 1, 299, 2
424, 0.000123755, 0, 300, 2
425, 0.000120893, 0, 301, 2
426, 0.000036956, 1, 301, 2
427, 0.000121085, 0, 302, 2
428, 0.000008394, 1, 302, 2
429, 0.000120703, 0, 303, 2
430, 0.000048092, 1, 303, 2
431, 0.000120979, 0, 304, 2
432, 0.000008538, 1, 304, 2
433, 0.000120798, 0, 305, 2
434, 0.000039274, 1, 305, 2
435, 0.000121010, 0, 306, 2
436, 0.000028273, 1, 306, 2
437, 0.000124853, 0, 307, 2
438, 0.000120705, 0, 308, 2
439, 0.000032550, 1, 308, 2
440, 0.000126216, 0, 309, 2
441, 0.000106782, 0, 310, 2
442, 0.000054407, 1, 310, 2
443, 0.000121193, 0, 311, 2
444, 0.000008460, 1, 311, 2
445, 0.000121002, 0, 312, 2
446, 0.000032366, 1, 312, 2
447, 0.000123198, 0, 313, 2
448, 0.000122383, 0, 314, 2
449, 0.000045881, 1, 314, 2
450, 0.000123200, 0, 315, 2
451, 0.000120955, 0, 316, 2
452, 0.000033669, 1, 316, 2
453, 0.000124742, 1, 317, 2
454, 0.000123015, 0, 318, 2
455, 0.000120910, 0, 319, 2
456, 0.000032926, 1, 319, 2
457, 0.000120814, 0, 320, 2
458, 0.000008440, 1, 320, 2
459, 0.000121757, 0, 321, 2
460, 0.000069206, 1, 321, 2
461, 0.000120723, 0, 322, 2
462, 0.000026481, 1, 322, 2
463, 0.000120985, 0, 323, 2
464, 0.000028019, 1, 323, 2
465, 0.000121990, 0, 324, 2
466, 0.000032731, 1, 324, 2
467, 0.000122139, 0, 325, 2
468, 0.000026194, 1, 325, 2
469, 0.000120828, 0, 326, 2
470, 0.000026227, 1, 326, 2
471, 0.000125154, 0, 327, 2
472, 0.000032675, 1, 327, 2
473, 0.000120928, 0, 328, 2
474, 0.000033367, 1, 328, 2
475, 0.000120943, 0, 329, 2
476, 0.000026229, 1, 329, 2
477, 0.000120869, 0, 330, 2
478, 0.000024376, 1, 330, 2
479, 0.000121560, 0, 331, 2
480, 0.000056836, 1, 331, 2
481, 0.000122028, 0, 332, 2
482, 0.000008556, 1, 332, 2
483, 0.000141875, 0, 333, 2
484, 0.000121043, 0, 334, 2
485, 0.000026273, 1, 334, 2
486, 0.000121175, 0, 335, 2
487, 0.000008585, 1, 335, 2
488, 0.000120684, 0, 336, 2
489, 0.000026060, 1, 336, 2
490, 0.000121022, 0, 337, 2
491, 0.000008429, 1, 337, 2
492, 0.000120814, 0, 338, 2
493, 0.000030934, 1, 338, 2
494, 0.000122074, 0, 339, 2
495, 0.000008421, 1, 339, 2
496, 0.000120782, 0, 340, 2
497, 0.000031161, 1, 340, 2
498, 0.000124708, 1, 341, 2
499, 0.000121099, 0, 342, 2
500, 0.000008486, 1, 342, 2
501, 0.000120905, 0, 343, 2
502, 0.000034899, 1, 343, 2
503, 0.000123412, 0, 344, 2
504, 0.000120955, 0, 345, 2
505, 0.000026371, 1, 345, 2
506, 0.000122841, 0, 346, 2
507, 0.000120955, 0, 347, 2
508, 0.000033993, 1, 347, 2
509, 0.000124728, 1, 348, 2
510, 0.000120728, 0, 349, 2
511, 0.000026218, 1, 349, 2
512, 0.000123957, 0, 350, 2
513, 0.000128465, 0, 351, 2
514, 0.000042025, 1, 351, 2
515, 0.000120677, 0, 352, 2
516, 0.000032642, 1, 352, 2
517, 0.000120834, 0, 353, 2
518, 0.000030923, 1, 353, 2
519, 0.000120923, 0, 354, 2
520, 0.000027150, 1, 354, 2
521, 0.000121334, 0, 355, 2
522, 0.000026585, 1, 355, 2
523, 0.000120758, 0, 356, 2
524, 0.000027899, 1, 356, 2
525, 0.000122035, 0, 357, 2
526, 0.000026739, 1, 357, 2
527, 0.000121963, 0, 358, 2
528, 0.000008439, 1, 358, 2
529, 0.000120772, 0, 359, 2
530, 0.000029990, 1, 359, 2
531, 0.000120838, 0, 360, 2
532, 0.000026238, 1, 360, 2
533, 0.000116406, 1, 361, 2
534, 0.000120922, 0, 362, 2
535, 0.000032607, 1, 362, 2
536, 0.000115959, 1, 363, 2
537, 0.000122714, 0, 364, 2
538, 0.000008463, 1, 364, 2
539, 0.000121597, 0, 365, 2
540, 0.000025914, 1, 365, 2
541, 0.000122770, 0, 366, 2
542, 0.000120776, 0, 367, 2
543, 0.000034709, 1, 367, 2
544, 0.000090559, 0, 368, 2
545, 0.000061122, 1, 368, 2
546, 0.000120871, 0, 369, 2
547, 0.000025135, 1, 369, 2
548, 0.000120752, 0, 370, 2
549, 0.000030456, 1, 370, 2
550, 0.000122115, 0, 371, 2
551, 0.000025939, 1, 371, 2
552, 0.000120947, 0, 372, 2
553, 0.000032396, 1, 372, 2
554, 0.000120912, 0, 373, 2
555, 0.000032560, 1, 373, 2
556, 0.000120892, 0, 374, 2
557, 0.000025879, 1, 374, 2
558, 0.000124373, 1, 375, 2
559, 0.000120955, 0, 376, 2
560, 0.000014240, 1, 376, 2
561, 0.000120971, 0, 377, 2
562, 0.000026214, 1, 377, 2
563, 0.000128757, 0, 378, 2
564, 0.000120963, 0, 379, 2
565, 0.000031721, 1, 379, 2
566, 0.000121077, 0, 380, 2
567, 0.000008440, 1, 380, 2
568, 0.000120839, 0, 381, 2
569, 0.000034812, 1, 381, 2
570, 0.000124971, 0, 382, 2
571, 0.000121116, 0, 383, 2
572, 0.000039515, 1, 383, 2
573, 0.000120837, 0, 384, 2
574, 0.000028250, 1, 384, 2
575, 0.000080140, 0, 385, 2
576, 0.000061590, 1, 385, 2
577, 0.000121597, 0, 386, 2
578, 0.000008387, 1, 386, 2
579, 0.000120916, 0, 387, 2
580, 0.000026417, 1, 387, 2
581, 0.000120860, 0, 388, 2
582, 0.000025308, 1, 388, 2
583, 0.000124458, 0, 389, 2
584, 0.000120822, 0, 390, 2
585, 0.000032252, 1, 390, 2
586, 0.000121198, 0, 391, 2
587, 0.000008549, 1, 391, 2
588, 0.000120941, 0, 392, 2
589, 0.000040665, 1, 392, 2
590, 0.000121331, 0, 393, 2
591, 0.000026113, 1, 393, 2
592, 0.000121041, 0, 394, 2
593, 0.000025678, 1, 394, 2
594, 0.000120946, 0, 395, 2
595, 0.000016739, 1, 395, 2
596, 0.000122418, 0, 396, 2
597, 0.000036941, 1, 396, 2
598, 0.000121186, 0, 397, 2
599, 0.000031520, 1, 397, 2
600, 0.000121187, 0, 398, 2
601, 0.000025870, 1, 398, 2
602, 0.000124958, 1, 399, 2
603, 0.000121175, 0, 400, 2
604, 0.000026614, 1, 400, 2
605, 0.000123313, 0, 401, 2
606, 0.000100814, 0, 402, 2
607, 0.000055343, 1, 402, 2
608, 0.000121327, 0, 403, 2
609, 0.000008498, 1, 403, 2
610, 0.000121092, 0, 404, 2
611, 0.000027891, 1, 404, 2
612, 0.000121116, 0, 405, 2
613, 0.000025701, 1, 405, 2
614, 0.000121071, 0, 406, 2
615, 0.000052245, 1, 406, 2
616, 0.000122645, 0, 407, 2
617, 0.000008409, 1, 407, 2
618, 0.000120898, 0, 408, 2
619, 0.000028155, 1, 408, 2
620, 0.000121597, 0, 409, 2
621, 0.000008584, 1, 409, 2
622, 0.000121066, 0, 410, 2
623, 0.000025870, 1, 410, 2
624, 0.000121224, 0, 411, 2
625, 0.000008534, 1, 411, 2
626, 0.000120985, 0, 412, 2
627, 0.000029514, 1, 412, 2
628, 0.000121566, 0, 413, 2
629, 0.000008681, 1, 413, 2
630, 0.000122089, 0, 414, 2
631, 0.000026282, 1, 414, 2
632, 0.000121268, 0, 415, 2
633, 0.000008486, 1, 415, 2
634, 0.000121255, 0, 416, 2
635, 0.000028247, 1, 416, 2
636, 0.000121297, 0, 417, 2
637, 0.000008626, 1, 417, 2
638, 0.000121993, 0, 418, 2
639, 0.000026682, 1, 418, 2
640, 0.000120731, 0, 419, 2
641, 0.000036315, 1, 419, 2
642, 0.000123096, 1, 420, 2
643, 0.000120955, 0, 421, 2
644, 0.000026549, 1, 421, 2
645, 0.000123015, 0, 422, 2
646, 0.000121442, 0, 423, 2
647, 0.000008677, 1, 423, 2
648, 0.000120837, 0, 424, 2
649, 0.000030513, 1, 424, 2
650, 0.000122520, 0, 425, 2
651, 0.000008415, 1, 425, 2
652, 0.000131268, 0, 426, 2
653, 0.000008773, 1, 426, 2
654, 0.000121179, 0, 427, 2
655, 0.000026155, 1, 427, 2
656, 0.000121091, 0, 428, 2
657, 0.000008448, 1, 428, 2
658, 0.000122942, 0, 429, 2
659, 0.000008483, 1, 429, 2
660, 0.000121730, 0, 430, 2
661, 0.000025717, 1, 430, 2
662, 0.000120982, 0, 431, 2
663, 0.000031889, 1, 431, 2
664, 0.000122210, 0, 432, 2
665, 0.000026463, 1, 432, 2
666, 0.000075995, 0, 433, 2
667, 0.000061719, 1, 433, 2
668, 0.000121062, 0, 434, 2
669, 0.000026142, 1, 434, 2
670, 0.000123219, 0, 435, 2
671, 0.000122409, 0, 436, 2
672, 0.000030798, 1, 436, 2
673, 0.000122299, 0, 437, 2
674, 0.000068286, 1, 437, 2
675, 0.000121072, 0, 438, 2
676, 0.000025738, 1, 438, 2
677, 0.000121111, 0, 439, 2
678, 0.000031857, 1, 439, 2
679, 0.000123942, 1, 440, 2
680, 0.000141897, 1, 441, 2
681, 0.000123543, 1, 442, 2
682, 0.000122169, 0, 443, 2
683, 0.000038423, 1, 443, 2
684, 0.000123194, 1, 444, 2
685, 0.000120993, 0, 445, 2
686, 0.000025659, 1, 445, 2
687, 0.000121380, 0, 446, 2
688, 0.000008486, 1, 446, 2
689, 0.000123847, 0, 447, 2
690, 0.000120937, 0, 448, 2
691, 0.000027946, 1, 448, 2
692, 0.000121062, 0, 449, 2
693, 0.000008573, 1, 449, 2
694, 0.000133532, 0, 450, 2
695, 0.000027084, 1, 450, 2
696, 0.000123031, 1, 451, 2
697, 0.000123414, 0, 452, 2
698, 0.000120823, 0, 453, 2
699, 0.000033967, 1, 453, 2
700, 0.000124833, 0, 454, 2
701, 0.000120880, 0, 455, 2
702, 0.000043919, 1, 455, 2
703, 0.000120826, 0, 456, 2
704, 0.000028041, 1, 456, 2
705, 0.000121735, 0, 457, 2
706, 0.000008831, 1, 457, 2
707, 0.000120942, 0, 458, 2
708, 0.000025560, 1, 458, 2
709, 0.000120835, 0, 459, 2
710, 0.000025296, 1, 459, 2
711, 0.000120859, 0, 460, 2
712, 0.000030825, 1, 460, 2
713, 0.000122438, 0, 461, 2
714, 0.000026394, 1, 461, 2
715, 0.000120800, 0, 462, 2
716, 0.000028655, 1, 462, 2
717, 0.000121004, 0, 463, 2
718, 0.000031277, 1, 463, 2
719, 0.000123909, 0, 464, 2
720, 0.000121241, 0, 465, 2
721, 0.000039749, 1, 465, 2
722, 0.000120694, 0, 466, 2
723, 0.000028458, 1, 466, 2
724, 0.000097965, 0, 467, 2
725, 0.000044345, 1, 467, 2
726, 0.000122149, 0, 468, 2
727, 0.000008470, 1, 468, 2
728, 0.000121094, 0, 469, 2
729, 0.000028131, 1, 469, 2
730, 0.000121055, 0, 470, 2
731, 0.000008479, 1, 470, 2
732, 0.000121054, 0, 471, 2
733, 0.000052225, 1, 471, 2
734, 0.000121015, 0, 472, 2
735, 0.000026561, 1, 472, 2
736, 0.000121070, 0, 473, 2
737, 0.000031299, 1, 473, 2
738, 0.000122162, 0, 474, 2
739, 0.000028254, 1, 474, 2
740, 0.000122287, 0, 475, 2
741, 0.000025988, 1, 475, 2
742, 0.000120979, 0, 476, 2
743, 0.000030451, 1, 476, 2
744, 0.000139910, 0, 477, 2
745, 0.000121623, 0, 478, 2
746, 0.000035603, 1, 478, 2
747, 0.000121175, 0, 479, 2
748, 0.000026391, 1, 479, 2
749, 0.000120907, 0, 480, 2
750, 0.000031448, 1, 480, 2
751, 0.000121583, 0, 481, 2
752, 0.000043159, 1, 481, 2
753, 0.000122298, 0, 482, 2
754, 0.000026062, 1, 482, 2
755, 0.000120870, 0, 483, 2
756, 0.000031701, 1, 483, 2
757, 0.000122010, 0, 484, 2
758, 0.000026839, 1, 484, 2
759, 0.000121178, 0, 485, 2
760, 0.000025497, 1, 485, 2
761, 0.000120994, 0, 486, 2
762, 0.000026211, 1, 486, 2
763, 0.000121123, 0, 487, 2
764, 0.000032056, 1, 487, 2
765, 0.000120985, 0, 488, 2
766, 0.000026346, 1, 488, 2
767, 0.000122093, 0, 489, 2
768, 0.000026396, 1, 489, 2
769, 0.000121199, 0, 490, 2
770, 0.000008562, 1, 490, 2
771, 0.000121551, 0, 491, 2
772, 0.000032043, 1, 491, 2
773, 0.000121226, 0, 492, 2
774, 0.000024732, 1, 492, 2
775, 0.000121136, 0, 493, 2
776, 0.000031639, 1, 493, 2
777, 0.000121270, 0, 494, 2
778, 0.000032130, 1, 494, 2
779, 0.000121078, 0, 495, 2
780, 0.000008510, 1, 495, 2
781, 0.000122041, 0, 496, 2
782, 0.000043119, 1, 496, 2
783, 0.000120985, 0, 497, 2
784, 0.000036295, 1, 497, 2
785, 0.000121305, 0, 498, 2
786, 0.000008363, 1, 498, 2
787, 0.000120809, 0, 499, 2
788, 0.000039478, 1, 499, 2
789, 0.000120982, 0, 500, 2
790, 0.000026709, 1, 500, 2
791, 0.000121347, 0, 501, 2
792, 0.000026231, 1, 501, 2
793, 0.000120987, 0, 502, 2
794, 0.000025538, 1, 502, 2
795, 0.000126707, 1, 503, 2
796, 0.000177638, 1, 504, 2
797, 0.000105128, 1, 505, 2
798, 0.000121114, 0, 506, 2
799, 0.000025696, 1, 506, 2
800, 0.000121167, 0, 507, 2
801, 0.000031196, 1, 507, 2
802, 0.000121632, 0, 508, 2
803, 0.000009702, 1, 508, 2
804, 0.000120941, 0, 509, 2
805, 0.000038098, 1, 509, 2
806, 0.000122531, 0, 510, 2
807, 0.000025874, 1, 510, 2
808, 0.000124837, 0, 511, 2
809, 0.000121131, 0, 512, 2
810, 0.000038593, 1, 512, 2
811, 0.000121071, 0, 513, 2
812, 0.000032461, 1, 513, 2
813, 0.000089711, 0, 514, 2
814, 0.000054786, 1, 514, 2
815, 0.000121222, 0, 515, 2
816, 0.000025285, 1, 515, 2
817, 0.000120950, 0, 516, 2
818, 0.000030613, 1, 516, 2
819, 0.000122430, 0, 517, 2
820, 0.000031402, 1, 517, 2
821, 0.000096803, 1, 518, 2
822, 0.000120958, 0, 519, 2
823, 0.000028152, 1, 519, 2
824, 0.000120825, 0, 520, 2
825, 0.000032454, 1, 520, 2
826, 0.000121681, 0, 521, 2
827, 0.000008535, 1, 521, 2
828, 0.000121115, 0, 522, 2
829, 0.000031837, 1, 522, 2
830, 0.000122890, 0, 523, 2
831, 0.000120888, 0, 524, 2
832, 0.000061233, 1, 524, 2
833, 0.000123167, 0, 525, 2
834, 0.000120865, 0, 526, 2
835, 0.000041571, 1, 526, 2
836, 0.000120879, 0, 527, 2
837, 0.000028263, 1, 527, 2
838, 0.000122427, 0, 528, 2
839, 0.000024964, 1, 528, 2
840, 0.000120900, 0, 529, 2
841, 0.000031325, 1, 529, 2
842, 0.000121022, 0, 530, 2
843, 0.000025740, 1, 530, 2
844, 0.000124623, 1, 531, 2
845, 0.000121197, 0, 532, 2
846, 0.000010090, 1, 532, 2
847, 0.000120996, 0, 533, 2
848, 0.000040261, 1, 533, 2
849, 0.000120985, 0, 534, 2
850, 0.000027182, 1, 534, 2
851, 0.000122534, 0, 535, 2
852, 0.000027826, 1, 535, 2
853, 0.000121046, 0, 536, 2
854, 0.000028353, 1, 536, 2
855, 0.000121000, 0, 537, 2
856, 0.000033446, 1, 537, 2
857, 0.000125036, 0, 538, 2
858, 0.000121059, 0, 539, 2
859, 0.000035888, 1, 539, 2
860, 0.000120996, 0, 540, 2
861, 0.000031575, 1, 540, 2
862, 0.000104321, 0, 541, 2
863, 0.000033198, 1, 541, 2
864, 0.000124596, 0, 542, 2
865, 0.000121222, 0, 543, 2
866, 0.000031745, 1, 543, 2
867, 0.000121146, 0, 544, 2
868, 0.000008360, 1, 544, 2
869, 0.000121347, 0, 545, 2
870, 0.000036410, 1, 545, 2
871, 0.000121369, 0, 546, 2
872, 0.000008446, 1, 546, 2
873, 0.000120981, 0, 547, 2
874, 0.000027958, 1, 547, 2
875, 0.000075176, 0, 548, 2
876, 0.000080766, 1, 548, 2
877, 0.000124946, 0, 549, 2
878, 0.000121136, 0, 550, 2
879, 0.000044086, 1, 550, 2
880, 0.000114119, 1, 551, 2
881, 0.000121338, 0, 552, 2
882, 0.000073107, 1, 552, 2
883, 0.000122413, 0, 553, 2
884, 0.000025618, 1, 553, 2
885, 0.000120974, 0, 554, 2
886, 0.000028280, 1, 554, 2
887, 0.000122127, 0, 555, 2
888, 0.000008570, 1, 555, 2
889, 0.000121147, 0, 556, 2
890, 0.000039518, 1, 556, 2
891, 0.000109979, 1, 557, 2
892, 0.000121094, 0, 558, 2
893, 0.000037813, 1, 558, 2
894, 0.000121368, 0, 559, 2
895, 0.000008610, 1, 559, 2
896, 0.000122127, 0, 560, 2
897, 0.000037131, 1, 560, 2
898, 0.000121229, 0, 561, 2
899, 0.000026066, 1, 561, 2
900, 0.000121901, 0, 562, 2
901, 0.000008431, 1, 562, 2
902, 0.000120909, 0, 563, 2
903, 0.000026625, 1, 563, 2
904, 0.000121659, 0, 564, 2
905, 0.000008506, 1, 564, 2
906, 0.000102483, 0, 565, 2
907, 0.000060030, 1, 565, 2
908, 0.000121746, 0, 566, 2
909, 0.000008519, 1, 566, 2
910, 0.000122218, 0, 567, 2
911, 0.000037715, 1, 567, 2
912, 0.000121221, 0, 568, 2
913, 0.000024614, 1, 568, 2
914, 0.000121634, 0, 569, 2
915, 0.000025577, 1, 569, 2
916, 0.000121055, 0, 570, 2
917, 0.000026465, 1, 570, 2
918, 0.000121321, 0, 571, 2
919, 0.000028069, 1, 571, 2
920, 0.000122366, 0, 572, 2
921, 0.000025393, 1, 572, 2
922, 0.000123630, 0, 573, 2
923, 0.000028329, 1, 573, 2
924, 0.000123837, 0, 574, 2
925, 0.000008600, 1, 574, 2
926, 0.000112323, 0, 575, 2
927, 0.000049670, 1, 575, 2
928, 0.000121026, 0, 576, 2
929, 0.000025002, 1, 576, 2
930, 0.000120895, 0, 577, 2
931, 0.000031253, 1, 577, 2
932, 0.000120991, 0, 578, 2
933, 0.000025654, 1, 578, 2
934, 0.000121189, 0, 579, 2
935, 0.000008589, 1, 579, 2
936, 0.000120965, 0, 580, 2
937, 0.000026401, 1, 580, 2
938, 0.000122219, 0, 581, 2
939, 0.000008461, 1, 581, 2
940, 0.000120770, 0, 582, 2
941, 0.000037757, 1, 582, 2
942, 0.000120981, 0, 583, 2
943, 0.000027253, 1, 583, 2
944, 0.000120930, 0, 584, 2
945, 0.000031730, 1, 584, 2
946, 0.000129224, 0, 585, 2
947, 0.000026483, 1, 585, 2
948, 0.000121158, 0, 586, 2
949, 0.000008478, 1, 586, 2
950, 0.000120902, 0, 587, 2
951, 0.000041354, 1, 587, 2
952, 0.000121878, 0, 588, 2
953, 0.000030090, 1, 588, 2
954, 0.000120925, 0, 589, 2
955, 0.000048407, 1, 589, 2
956, 0.000120872, 0, 590, 2
957, 0.000026483, 1, 590, 2
958, 0.000120899, 0, 591, 2
959, 0.000032373, 1, 591, 2
960, 0.000121773, 0, 592, 2
961, 0.000008608, 1, 592, 2
962, 0.000121062, 0, 593, 2
963, 0.000032194, 1, 593, 2
964, 0.000122801, 0, 594, 2
965, 0.000120781, 0, 595, 2
966, 0.000034994, 1, 595, 2
967, 0.000123583, 1, 596, 2
968, 0.000120961, 0, 597, 2
969, 0.000035846, 1, 597, 2
970, 0.000121022, 0, 598, 2
971, 0.000028197, 1, 598, 2
972, 0.000124654, 0, 599, 2
973, 0.000121196, 0, 600, 2
974, 0.000035670, 1, 600, 2
975, 0.000120932, 0, 601, 2
976, 0.000028250, 1, 601, 2
977, 0.000101675, 0, 602, 2
978, 0.000047901, 1, 602, 2
979, 0.000121358, 0, 603, 2
980, 0.000025814, 1, 603, 2
981, 0.000121057, 0, 604, 2
982, 0.000031023, 1, 604, 2
983, 0.000120960, 0, 605, 2
984, 0.000025477, 1, 605, 2
985, 0.000122527, 0, 606, 2
986, 0.000026450, 1, 606, 2
987, 0.000120897, 0, 607, 2
988, 0.000030945, 1, 607, 2
989, 0.000121226, 0, 608, 2
990, 0.000025367, 1, 608, 2
991, 0.000124146, 0, 609, 2
992, 0.000121141, 0, 610, 2
993, 0.000036377, 1, 610, 2
994, 0.000121204, 0, 611, 2
995, 0.000023605, 1, 611, 2
996, 0.000107809, 0, 612, 2
997, 0.000049385, 1, 612, 2
998, 0.000122142, 0, 613, 2
999, 0.000026122, 1, 613, 2
1000, 0.000121087, 0, 614, 2
1001, 0.000025663, 1, 614, 2
1002, 0.000120728, 0, 615, 2
1003, 0.000032858, 1, 615, 2
1004, 0.000121205, 0, 616, 2
1005, 0.000027603, 1, 616, 2
1006, 0.000121105, 0, 617, 2
1007, 0.000028295, 1, 617, 2
1008, 0.000121058, 0, 618, 2
1009, 0.000031333, 1, 618, 2
1010, 0.000121402, 0, 619, 2
1011, 0.000025983, 1, 619, 2
1012, 0.000122356, 0, 620, 2
1013, 0.000025214, 1, 620, 2
1014, 0.000121189, 0, 621, 2
1015, 0.000026700, 1, 621, 2
1016, 0.000102927, 0, 622, 2
1017, 0.000047317, 1, 622, 2
1018, 0.000121120, 0, 623, 2
1019, 0.000026319, 1, 623, 2
1020, 0.000120707, 0, 624, 2
1021, 0.000031242, 1, 624, 2
1022, 0.000121530, 0, 625, 2
1023, 0.000025133, 1, 625, 2
1024, 0.000121670, 0, 626, 2
1025, 0.000026114, 1, 626, 2
1026, 0.000122162, 0, 627, 2
1027, 0.000026374, 1, 627, 2
1028, 0.000120954, 0, 628, 2
1029, 0.000026433, 1, 628, 2
1030, 0.000121866, 0, 629, 2
1031, 0.000008815, 1, 629, 2
1032, 0.000120962, 0, 630, 2
1033, 0.000034816, 1, 630, 2
1034, 0.000120952, 0, 631, 2
1035, 0.000028159, 1, 631, 2
1036, 0.000116365, 0, 632, 2
1037, 0.000035249, 1, 632, 2
1038, 0.000120923, 0, 633, 2
1039, 0.000024697, 1, 633, 2
1040, 0.000121935, 0, 634, 2
1041, 0.000030263, 1, 634, 2
1042, 0.000120798, 0, 635, 2
1043, 0.000027142, 1, 635, 2
1044, 0.000121157, 0, 636, 2
1045, 0.000079317, 1, 636, 2
1046, 0.000120751, 0, 637, 2
1047, 0.000026191, 1, 637, 2
1048, 0.000120957, 0, 638, 2
1049, 0.000025751, 1, 638, 2
1050, 0.000124649, 0, 639, 2
1051, 0.000121368, 0, 640, 2
1052, 0.000035321, 1, 640, 2
1053, 0.000122264, 0, 641, 2
1054, 0.000026010, 1, 641, 2
1055, 0.000120567, 0, 642, 2
1056, 0.000031578, 1, 642, 2
1057, 0.000120942, 0, 643, 2
1058, 0.000028228, 1, 643, 2
1059, 0.000120855, 0, 644, 2
1060, 0.000030517, 1, 644, 2
1061, 0.000120826, 0, 645, 2
1062, 0.000026490, 1, 645, 2
1063, 0.000121074, 0, 646, 2
1064, 0.000067020, 1, 646, 2
1065, 0.000120612, 0, 647, 2
1066, 0.000032665, 1, 647, 2
1067, 0.000121993, 0, 648, 2
1068, 0.000026449, 1, 648, 2
1069, 0.000121075, 0, 649, 2
1070, 0.000026702, 1, 649, 2
1071, 0.000121014, 0, 650, 2
1072, 0.000026165, 1, 650, 2
1073, 0.000121005, 0, 651, 2
1074, 0.000025402, 1, 651, 2
1075, 0.000121495, 0, 652, 2
1076, 0.000031747, 1, 652, 2
1077, 0.000120791, 0, 653, 2
1078, 0.000025631, 1, 653, 2
1079, 0.000120833, 0, 654, 2
1080, 0.000026774, 1, 654, 2
1081, 0.000121919, 0, 655, 2
1082, 0.000031178, 1, 655, 2
1083, 0.000121321, 0, 656, 2
1084, 0.000064585, 1, 656, 2
1085, 0.000120991, 0, 657, 2
1086, 0.000027923, 1, 657, 2
1087, 0.000121039, 0, 658, 2
1088, 0.000030271, 1, 658, 2
1089, 0.000135915, 0, 659, 2
1090, 0.000121141, 0, 660, 2
1091, 0.000039351, 1, 660, 2
1092, 0.000120890, 0, 661, 2
1093, 0.000027103, 1, 661, 2
1094, 0.000147972, 0, 662, 2
1095, 0.000008811, 1, 662, 2
1096, 0.000121375, 0, 663, 2
1097, 0.000026032, 1, 663, 2
1098, 0.000120855, 0, 664, 2
1099, 0.000026651, 1, 664, 2
1100, 0.000120905, 0, 665, 2
1101, 0.000030897, 1, 665, 2
1102, 0.000121597, 0, 666, 2
1103, 0.000043397, 1, 666, 2
1104, 0.000120955, 0, 667, 2
1105, 0.000008621, 1, 667, 2
1106, 0.000121026, 0, 668, 2
1107, 0.000033609, 1, 668, 2
1108, 0.000122181, 0, 669, 2
1109, 0.000026317, 1, 669, 2
1110, 0.000121097, 0, 670, 2
1111, 0.000025692, 1, 670, 2
1112, 0.000120815, 0, 671, 2
1113, 0.000030175, 1, 671, 2
1114, 0.000131970, 0, 672, 2
1115, 0.000121178, 0, 673, 2
1116, 0.000028118, 1, 673, 2
1117, 0.000120947, 0, 674, 2
1118, 0.000030487, 1, 674, 2
1119, 0.000120987, 0, 675, 2
1120, 0.000030217, 1, 675, 2
1121, 0.000122633, 0, 676, 2
1122, 0.000008593, 1, 676, 2
1123, 0.000121129, 0, 677, 2
1124, 0.000040488, 1, 677, 2
1125, 0.000120879, 0, 678, 2
1126, 0.000026385, 1, 678, 2
1127, 0.000121092, 0, 679, 2
1128, 0.000030581, 1, 679, 2
1129, 0.000121029, 0, 680, 2
1130, 0.000024693, 1, 680, 2
1131, 0.000120821, 0, 681, 2
1132, 0.000036873, 1, 681, 2
1133, 0.000120902, 0, 682, 2
1134, 0.000040594, 1, 682, 2
1135, 0.000122471, 0, 683, 2
1136, 0.000008517, 1, 683, 2
1137, 0.000120823, 0, 684, 2
1138, 0.000037769, 1, 684, 2
1139, 0.000120859, 0, 685, 2
1140, 0.000025898, 1, 685, 2
1141, 0.000121031, 0, 686, 2
1142, 0.000025393, 1, 686, 2
1143, 0.000121231, 0, 687, 2
1144, 0.000028091, 1, 687, 2
1145, 0.000120941, 0, 688, 2
1146, 0.000032366, 1, 688, 2
1147, 0.000123031, 0, 689, 2
1148, 0.000122041, 0, 690, 2
1149, 0.000032741, 1, 690, 2
1150, 0.000121068, 0, 691, 2
1151, 0.000008409, 1, 691, 2
1152, 0.000120727, 0, 692, 2
1153, 0.000026996, 1, 692, 2
1154, 0.000121378, 0, 693, 2
1155, 0.000028206, 1, 693, 2
1156, 0.000121090, 0, 694, 2
1157, 0.000026115, 1, 694, 2
1158, 0.000120936, 0, 695, 2
1159, 0.000031117, 1, 695, 2
1160, 0.000121224, 0, 696, 2
1161, 0.000026049, 1, 696, 2
1162, 0.000122419, 0, 697, 2
1163, 0.000025958, 1, 697, 2
1164, 0.000120897, 0, 698, 2
1165, 0.000025694, 1, 698, 2
1166, 0.000120955, 0, 699, 2
1167, 0.000043464, 1, 699, 2
1168, 0.000121443, 0, 700, 2
1169, 0.000008403, 1, 700, 2
1170, 0.000120965, 0, 701, 2
1171, 0.000035274, 1, 701, 2
1172, 0.000120895, 0, 702, 2
1173, 0.000033425, 1, 702, 2
1174, 0.000121449, 0, 703, 2
1175, 0.000026415, 1, 703, 2
1176, 0.000122332, 0, 704, 2
1177, 0.000030155, 1, 704, 2
1178, 0.000119794, 1, 705, 2
1179, 0.000123334, 1, 706, 2
1180, 0.000120850, 0, 707, 2
1181, 0.000035288, 1, 707, 2
1182, 0.000120976, 0, 708, 2
1183, 0.000026897, 1, 708, 2
1184, 0.000115020, 0, 709, 2
1185, 0.000036871, 1, 709, 2
1186, 0.000120994, 0, 710, 2
1187, 0.000026465, 1, 710, 2
1188, 0.000121995, 0, 711, 2
1189, 0.000028329, 1, 711, 2
1190, 0.000120904, 0, 712, 2
1191, 0.000033552, 1, 712, 2
1192, 0.000120950, 0, 713, 2
1193, 0.000074506, 1, 713, 2
1194, 0.000120863, 0, 714, 2
1195, 0.000026256, 1, 714, 2
1196, 0.000120809, 0, 715, 2
1197, 0.000027933, 1, 715, 2
1198, 0.000121182, 0, 716, 2
1199, 0.000026057, 1, 716, 2
1200, 0.000120691, 0, 717, 2
1201, 0.000026427, 1, 717, 2
1202, 0.000121937, 0, 718, 2
1203, 0.000025645, 1, 718, 2
1204, 0.000123736, 0, 719, 2
1205, 0.000008647, 1, 719, 2
1206, 0.000120857, 0, 720, 2
1207, 0.000042391, 1, 720, 2
1208, 0.000124274, 0, 721, 2
1209, 0.000008442, 1, 721, 2
1210, 0.000126058, 0, 722, 2
1211, 0.000132976, 0, 723, 2
1212, 0.000122484, 0, 723, 2
1213, 0.000040053, 1, 723, 2
1214, 0.000125810, 1, 724, 2
1215, 0.000139819, 1, 725, 2
1216, 0.000123428, 1, 726, 2
1217, 0.000122983, 0, 727, 2
1218, 0.000027057, 1, 727, 2
1219, 0.000121200, 0, 728, 2
1220, 0.000026526, 1, 728, 2
1221, 0.000123901, 0, 729, 2
1222, 0.000121235, 0, 730, 2
1223, 0.000044637, 1, 730, 2
1224, 0.000121189, 0, 731, 2
1225, 0.000025536, 1, 731, 2
1226, 0.000124774, 0, 732, 2
1227, 0.000121215, 0, 733, 2
1228, 0.000032113, 1, 733, 2
1229, 0.000122510, 0, 734, 2
1230, 0.000026609, 1, 734, 2
1231, 0.000121410, 0, 735, 2
1232, 0.000008649, 1, 735, 2
1233, 0.000121249, 0, 736, 2
1234, 0.000070052, 1, 736, 2
1235, 0.000121226, 0, 737, 2
1236, 0.000008586, 1, 737, 2
1237, 0.000121219, 0, 738, 2
1238, 0.000025355, 1, 738, 2
1239, 0.000122178, 0, 739, 2
1240, 0.000008964, 1, 739, 2
1241, 0.000121221, 0, 740, 2
1242, 0.000026484, 1, 740, 2
1243, 0.000122314, 0, 741, 2
1244, 0.000008677, 1, 741, 2
1245, 0.000120958, 0, 742, 2
1246, 0.000052093, 1, 742, 2
1247, 0.000121347, 0, 743, 2
1248, 0.000008468, 1, 743, 2
1249, 0.000120953, 0, 744, 2
1250, 0.000037659, 1, 744, 2
1251, 0.000121035, 0, 745, 2
1252, 0.000026550, 1, 745, 2
1253, 0.000122403, 0, 746, 2
1254, 0.000008607, 1, 746, 2
1255, 0.000120797, 0, 747, 2
1256, 0.000040185, 1, 747, 2
1257, 0.000122246, 0, 748, 2
1258, 0.000031014, 1, 748, 2
1259, 0.000118470, 1, 749, 2
1260, 0.000120978, 0, 750, 2
1261, 0.000008613, 1, 750, 2
1262, 0.000120965, 0, 751, 2
1263, 0.000041062, 1, 751, 2
1264, 0.000121173, 0, 752, 2
1265, 0.000026150, 1, 752, 2
1266, 0.000121199, 0, 753, 2
1267, 0.000008741, 1, 753, 2
1268, 0.000120860, 0, 754, 2
1269, 0.000030593, 1, 754, 2
1270, 0.000120977, 0, 755, 2
1271, 0.000008578, 1, 755, 2
1272, 0.000121705, 0, 756, 2
1273, 0.000028982, 1, 756, 2
1274, 0.000121238, 0, 757, 2
1275, 0.000008683, 1, 757, 2
1276, 0.000120790, 0, 758, 2
1277, 0.000026115, 1, 758, 2
1278, 0.000117889, 1, 759, 2
1279, 0.000121263, 0, 760, 2
1280, 0.000026572, 1, 760, 2
1281, 0.000121015, 0, 761, 2
1282, 0.000025682, 1, 761, 2
1283, 0.000121013, 0, 762, 2
1284, 0.000031382, 1, 762, 2
1285, 0.000124442, 1, 763, 2
1286, 0.000121206, 0, 764, 2
1287, 0.000026587, 1, 764, 2
1288, 0.000123081, 0, 765, 2
1289, 0.000122515, 0, 766, 2
1290, 0.000034792, 1, 766, 2
1291, 0.000123937, 1, 767, 2
1292, 0.000121141, 0, 768, 2
1293, 0.000026465, 1, 768, 2
1294, 0.000121169, 0, 769, 2
1295, 0.000008371, 1, 769, 2
1296, 0.000122547, 0, 770, 2
1297, 0.000032438, 1, 770, 2
1298, 0.000121354, 0, 771, 2
1299, 0.000026090, 1, 771, 2
1300, 0.000121101, 0, 772, 2
1301, 0.000030255, 1, 772, 2
1302, 0.000077507, 0, 773, 2
1303, 0.000053826, 1, 773, 2
1304, 0.000121217, 0, 774, 2
1305, 0.000025895, 1, 774, 2
1306, 0.000121147, 0, 775, 2
1307, 0.000025937, 1, 775, 2
1308, 0.000120998, 0, 776, 2
1309, 0.000030477, 1, 776, 2
1310, 0.000122458, 0, 777, 2
1311, 0.000032355, 1, 777, 2
1312, 0.000122811, 0, 778, 2
1313, 0.000027079, 1, 778, 2
1314, 0.000120939, 0, 779, 2
1315, 0.000026286, 1, 779, 2
1316, 0.000125806, 1, 780, 2
1317, 0.000120981, 0, 781, 2
1318, 0.000035457, 1, 781, 2
1319, 0.000121113, 0, 782, 2
1320, 0.000026933, 1, 782, 2
1321, 0.000113472, 0, 783, 2
1322, 0.000036294, 1, 783, 2
1323, 0.000124447, 0, 784, 2
1324, 0.000120982, 0, 785, 2
1325, 0.000031940, 1, 785, 2
1326, 0.000121053, 0, 786, 2
1327, 0.000008591, 1, 786, 2
1328, 0.000120962, 0, 787, 2
1329, 0.000050527, 1, 787, 2
1330, 0.000121213, 0, 788, 2
1331, 0.000026049, 1, 788, 2
1332, 0.000120842, 0, 789, 2
1333, 0.000042173, 1, 789, 2
1334, 0.000124114, 1, 790, 2
1335, 0.000122450, 0, 791, 2
1336, 0.000008533, 1, 791, 2
1337, 0.000121055, 0, 792, 2
1338, 0.000030931, 1, 792, 2
1339, 0.000121053, 0, 793, 2
1340, 0.000036357, 1, 793, 2
1341, 0.000121354, 0, 794, 2
1342, 0.000014373, 1, 794, 2
1343, 0.000121103, 0, 795, 2
1344, 0.000034391, 1, 795, 2
1345, 0.000121373, 0, 796, 2
1346, 0.000036153, 1, 796, 2
1347, 0.000121284, 0, 797, 2
1348, 0.000026546, 1, 797, 2
1349, 0.000122155, 0, 798, 2
1350, 0.000013363, 1, 798, 2
1351, 0.000121028, 0, 799, 2
1352, 0.000036188, 1, 799, 2
1353, 0.000121030, 1, 800, 2
1354, 0.000121381, 0, 801, 2
1355, 0.000025914, 1, 801, 2
1356, 0.000121629, 0, 802, 2
1357, 0.000026049, 1, 802, 2
1358, 0.000123527, 0, 803, 2
1359, 0.000121204, 0, 804, 2
1360, 0.000064955, 1, 804, 2
1361, 0.000122494, 0, 805, 2
1362, 0.000008578, 1, 805, 2
1363, 0.000121203, 0, 806, 2
1364, 0.000026717, 1, 806, 2
1365, 0.000122121, 0, 807, 2
1366, 0.000027766, 1, 807, 2
1367, 0.000121326, 0, 808, 2
1368, 0.000025937, 1, 808, 2
1369, 0.000122443, 0, 809, 2
1370, 0.000026609, 1, 809, 2
1371, 0.000122451, 0, 810, 2
1372, 0.000023779, 1, 810, 2
1373, 0.000123203, 0, 811, 2
1374, 0.000121065, 0, 812, 2
1375, 0.000033469, 1, 812, 2
1376, 0.000123174, 0, 813, 2
1377, 0.000124080, 0, 814, 2
1378, 0.000121261, 0, 815, 2
1379, 0.000034556, 1, 815, 2
1380, 0.000122451, 0, 816, 2
1381, 0.000008525, 1, 816, 2
1382, 0.000137122, 0, 817, 2
1383, 0.000008887, 1, 817, 2
1384, 0.000121175, 0, 818, 2
1385, 0.000026067, 1, 818, 2
1386, 0.000121361, 0, 819, 2
1387, 0.000008412, 1, 819, 2
1388, 0.000120959, 0, 820, 2
1389, 0.000025779, 1, 820, 2
1390, 0.000121472, 0, 821, 2
1391, 0.000025676, 1, 821, 2
1392, 0.000121079, 0, 822, 2
1393, 0.000028030, 1, 822, 2
1394, 0.000122107, 0, 823, 2
1395, 0.000025894, 1, 823, 2
1396, 0.000121275, 0, 824, 2
1397, 0.000008727, 1, 824, 2
1398, 0.000121162, 0, 825, 2
1399, 0.000027334, 1, 825, 2
1400, 0.000120979, 0, 826, 2
1401, 0.000008510, 1, 826, 2
1402, 0.000121037, 0, 827, 2
1403, 0.000029426, 1, 827, 2
1404, 0.000121681, 0, 828, 2
1405, 0.000028835, 1, 828, 2
1406, 0.000121125, 0, 829, 2
1407, 0.000026074, 1, 829, 2
1408, 0.000121133, 0, 830, 2
1409, 0.000027826, 1, 830, 2
1410, 0.000121589, 0, 831, 2
1411, 0.000008618, 1, 831, 2
1412, 0.000121279, 0, 832, 2
1413, 0.000037690, 1, 832, 2
1414, 0.000121194, 0, 833, 2
1415, 0.000026372, 1, 833, 2
1416, 0.000108674, 0, 834, 2
1417, 0.000045805, 1, 834, 2
1418, 0.000123396, 1, 835, 2
1419, 0.000120987, 0, 836, 2
1420, 0.000026034, 1, 836, 2
1421, 0.000121115, 0, 837, 2
1422, 0.000008455, 1, 837, 2
1423, 0.000121027, 0, 838, 2
1424, 0.000034118, 1, 838, 2
1425, 0.000121885, 0, 839, 2
1426, 0.000008498, 1, 839, 2
1427, 0.000121191, 0, 840, 2
1428, 0.000028077, 1, 840, 2
1429, 0.000076058, 0, 841, 2
1430, 0.000044027, 1, 841, 2
1431, 0.000121314, 0, 842, 2
1432, 0.000008437, 1, 842, 2
1433, 0.000121134, 0, 843, 2
1434, 0.000024954, 1, 843, 2
1435, 0.000121110, 0, 844, 2
1436, 0.000024542, 1, 844, 2
1437, 0.000121027, 0, 845, 2
1438, 0.000027887, 1, 845, 2
1439, 0.000123258, 0, 846, 2
1440, 0.000121830, 0, 847, 2
1441, 0.000033450, 1, 847, 2
1442, 0.000122095, 0, 848, 2
1443, 0.000008778, 1, 848, 2
1444, 0.000121509, 0, 849, 2
1445, 0.000026065, 1, 849, 2
1446, 0.000123119, 0, 850, 2
1447, 0.000121156, 0, 851, 2
1448, 0.000033782, 1, 851, 2
1449, 0.000122477, 0, 852, 2
1450, 0.000008613, 1, 852, 2
1451, 0.000121035, 0, 853, 2
1452, 0.000026864, 1, 853, 2
1453, 0.000120854, 0, 854, 2
1454, 0.000008474, 1, 854, 2
1455, 0.000120990, 0, 855, 2
1456, 0.000041737, 1, 855, 2
1457, 0.000121138, 0, 856, 2
1458, 0.000025812, 1, 856, 2
1459, 0.000120954, 0, 857, 2
1460, 0.000030229, 1, 857, 2
1461, 0.000129277, 0, 858, 2
1462, 0.000026206, 1, 858, 2
1463, 0.000122217, 0, 859, 2
1464, 0.000026097, 1, 859, 2
1465, 0.000120960, 0, 860, 2
1466, 0.000026524, 1, 860, 2
1467, 0.000120921, 0, 861, 2
1468, 0.000026236, 1, 861, 2
1469, 0.000121066, 0, 862, 2
1470, 0.000043581, 1, 862, 2
1471, 0.000121444, 0, 863, 2
1472, 0.000008389, 1, 863, 2
1473, 0.000121097, 0, 864, 2
1474, 0.000026675, 1, 864, 2
1475, 0.000125840, 1, 865, 2
1476, 0.000122405, 0, 866, 2
1477, 0.000026370, 1, 866, 2
1478, 0.000120998, 0, 867, 2
1479, 0.000031610, 1, 867, 2
1480, 0.000121084, 0, 868, 2
1481, 0.000024611, 1, 868, 2
1482, 0.000123000, 1, 869, 2
1483, 0.000120953, 0, 870, 2
1484, 0.000025721, 1, 870, 2
1485, 0.000121159, 0, 871, 2
1486, 0.000008444, 1, 871, 2
1487, 0.000121277, 0, 872, 2
1488, 0.000038151, 1, 872, 2
1489, 0.000121055, 0, 873, 2
1490, 0.000027409, 1, 873, 2
1491, 0.000121127, 0, 874, 2
1492, 0.000028102, 1, 874, 2
1493, 0.000131565, 0, 875, 2
1494, 0.000121136, 0, 876, 2
1495, 0.000032731, 1, 876, 2
1496, 0.000124355, 0, 877, 2
1497, 0.000121037, 0, 878, 2
1498, 0.000034577, 1, 878, 2
1499, 0.000123841, 0, 879, 2
1500, 0.000121138, 0, 880, 2
1501, 0.000042051, 1, 880, 2
1502, 0.000121239, 0, 881, 2
1503, 0.000025867, 1, 881, 2
1504, 0.000127137, 1, 882, 2
1505, 0.000121447, 0, 883, 2
1506, 0.000026023, 1, 883, 2
1507, 0.000136441, 0, 884, 2
1508, 0.000121262, 0, 885, 2
1509, 0.000036417, 1, 885, 2
1510, 0.000121549, 0, 886, 2
1511, 0.000032688, 1, 886, 2
1512, 0.000121318, 0, 887, 2
1513, 0.000026298, 1, 887, 2
1514, 0.000121314, 0, 888, 2
1515, 0.000025898, 1, 888, 2
1516, 0.000124649, 0, 889, 2
1517, 0.000121345, 0, 890, 2
1518, 0.000037717, 1, 890, 2
1519, 0.000122411, 0, 891, 2
1520, 0.000026119, 1, 891, 2
1521, 0.000103179, 0, 892, 2
1522, 0.000055135, 1, 892, 2
1523, 0.000121011, 0, 893, 2
1524, 0.000025446, 1, 893, 2
1525, 0.000120993, 0, 894, 2
1526, 0.000027215, 1, 894, 2
1527, 0.000120997, 0, 895, 2
1528, 0.000024831, 1, 895, 2
1529, 0.000121269, 0, 896, 2
1530, 0.000030935, 1, 896, 2
1531, 0.000121314, 0, 897, 2
1532, 0.000028575, 1, 897, 2
1533, 0.000122301, 0, 898, 2
1534, 0.000025757, 1, 898, 2
1535, 0.000123709, 1, 899, 2
1536, 0.000121234, 0, 900, 2
1537, 0.000025949, 1, 900, 2
1538, 0.000121123, 0, 901, 2
1539, 0.000013946, 1, 901, 2
1540, 0.000132587, 0, 902, 2
1541, 0.000121345, 0, 903, 2
1542, 0.000030017, 1, 903, 2
1543, 0.000121475, 0, 904, 2
1544, 0.000008499, 1, 904, 2
1545, 0.000122172, 0, 905, 2
1546, 0.000026543, 1, 905, 2
1547, 0.000123845, 0, 906, 2
1548, 0.000121283, 0, 907, 2
1549, 0.000044868, 1, 907, 2
1550, 0.000120881, 0, 908, 2
1551, 0.000032210, 1, 908, 2
1552, 0.000079309, 0, 909, 2
1553, 0.000068234, 1, 909, 2
1554, 0.000123426, 0, 910, 2
1555, 0.000120987, 0, 911, 2
1556, 0.000041290, 1, 911, 2
1557, 0.000122265, 0, 912, 2
1558, 0.000025485, 1, 912, 2
1559, 0.000122073, 0, 913, 2
1560, 0.000008503, 1, 913, 2
1561, 0.000121029, 0, 914, 2
1562, 0.000038349, 1, 914, 2
1563, 0.000121042, 0, 915, 2
1564, 0.000026616, 1, 915, 2
1565, 0.000124971, 1, 916, 2
1566, 0.000121066, 0, 917, 2
1567, 0.000008574, 1, 917, 2
1568, 0.000121147, 0, 918, 2
1569, 0.000031070, 1, 918, 2
1570, 0.000111941, 0, 919, 2
1571, 0.000044407, 1, 919, 2
1572, 0.000121170, 0, 920, 2
1573, 0.000024857, 1, 920, 2
1574, 0.000120962, 0, 921, 2
1575, 0.000030109, 1, 921, 2
1576, 0.000121157, 0, 922, 2
1577, 0.000025527, 1, 922, 2
1578, 0.000122295, 0, 923, 2
1579, 0.000064713, 1, 923, 2
1580, 0.000121381, 0, 924, 2
1581, 0.000009613, 1, 924, 2
1582, 0.000120906, 0, 925, 2
1583, 0.000026562, 1, 925, 2
1584, 0.000121326, 0, 926, 2
1585, 0.000031202, 1, 926, 2
1586, 0.000121332, 0, 927, 2
1587, 0.000025962, 1, 927, 2
1588, 0.000121082, 0, 928, 2
1589, 0.000025990, 1, 928, 2
1590, 0.000121303, 0, 929, 2
1591, 0.000008847, 1, 929, 2
1592, 0.000124191, 0, 930, 2
1593, 0.000120976, 0, 931, 2
1594, 0.000032454, 1, 931, 2
1595, 0.000121518, 0, 932, 2
1596, 0.000008441, 1, 932, 2
1597, 0.000121879, 0, 933, 2
1598, 0.000008535, 1, 933, 2
1599, 0.000121254, 0, 934, 2
1600, 0.000025764, 1, 934, 2
1601, 0.000122967, 0, 935, 2
1602, 0.000133075, 0, 936, 2
1603, 0.000027900, 1, 936, 2
1604, 0.000122456, 0, 937, 2
1605, 0.000008493, 1, 937, 2
1606, 0.000121251, 0, 938, 2
1607, 0.000025794, 1, 938, 2
1608, 0.000121953, 0, 939, 2
1609, 0.000008503, 1, 939, 2
1610, 0.000122119, 0, 940, 2
1611, 0.000010393, 1, 940, 2
1612, 0.000122378, 0, 941, 2
1613, 0.000026859, 1, 941, 2
1614, 0.000123279, 0, 942, 2
1615, 0.000109129, 0, 943, 2
1616, 0.000051956, 1, 943, 2
1617, 0.000122921, 0, 944, 2
1618, 0.000121257, 0, 945, 2
1619, 0.000040902, 1, 945, 2
1620, 0.000121138, 0, 946, 2
1621, 0.000023819, 1, 946, 2
1622, 0.000121472, 0, 947, 2
1623, 0.000008677, 1, 947, 2
1624, 0.000121982, 0, 948, 2
1625, 0.000032289, 1, 948, 2
1626, 0.000126524, 1, 949, 2
1627, 0.000121961, 0, 950, 2
1628, 0.000026139, 1, 950, 2
1629, 0.000121130, 0, 951, 2
1630, 0.000026128, 1, 951, 2
1631, 0.000121082, 0, 952, 2
1632, 0.000025858, 1, 952, 2
1633, 0.000143279, 0, 953, 2
1634, 0.000123266, 1, 954, 2
1635, 0.000122186, 0, 955, 2
1636, 0.000025641, 1, 955, 2
1637, 0.000121418, 0, 956, 2
1638, 0.000008554, 1, 956, 2
1639, 0.000121599, 0, 957, 2
1640, 0.000031934, 1, 957, 2
1641, 0.000121138, 0, 958, 2
1642, 0.000025974, 1, 958, 2
1643, 0.000121093, 0, 959, 2
1644, 0.000025159, 1, 959, 2
1645, 0.000087774, 0, 960, 2
1646, 0.000045193, 1, 960, 2
1647, 0.000121142, 0, 961, 2
1648, 0.000008553, 1, 961, 2
1649, 0.000121191, 0, 962, 2
1650, 0.000033101, 1, 962, 2
1651, 0.000123025, 0, 963, 2
1652, 0.000121483, 0, 964, 2
1653, 0.000052806, 1, 964, 2
1654, 0.000121136, 0, 965, 2
1655, 0.000025666, 1, 965, 2
1656, 0.000122326, 0, 966, 2
1657, 0.000027629, 1, 966, 2
1658, 0.000121484, 0, 967, 2
1659, 0.000026009, 1, 967, 2
1660, 0.000121085, 0, 968, 2
1661, 0.000027978, 1, 968, 2
1662, 0.000121147, 0, 969, 2
1663, 0.000028294, 1, 969, 2
1664, 0.000135926, 0, 970, 2
1665, 0.000008756, 1, 970, 2
1666, 0.000121280, 0, 971, 2
1667, 0.000030833, 1, 971, 2
1668, 0.000120971, 0, 972, 2
1669, 0.000028280, 1, 972, 2
1670, 0.000122125, 0, 973, 2
1671, 0.000023863, 1, 973, 2
1672, 0.000121446, 0, 974, 2
1673, 0.000035237, 1, 974, 2
1674, 0.000121175, 0, 975, 2
1675, 0.000032194, 1, 975, 2
1676, 0.000121048, 0, 976, 2
1677, 0.000025933, 1, 976, 2
1678, 0.000121613, 0, 977, 2
1679, 0.000025673, 1, 977, 2
1680, 0.000121141, 0, 978, 2
1681, 0.000024674, 1, 978, 2
1682, 0.000121332, 0, 979, 2
1683, 0.000030067, 1, 979, 2
1684, 0.000122197, 0, 980, 2
1685, 0.000032614, 1, 980, 2
1686, 0.000121360, 0, 981, 2
1687, 0.000008451, 1, 981, 2
1688, 0.000121234, 0, 982, 2
1689, 0.000041693, 1, 982, 2
1690, 0.000121210, 0, 983, 2
1691, 0.000032141, 1, 983, 2
1692, 0.000121762, 0, 984, 2
1693, 0.000032081, 1, 984, 2
1694, 0.000121259, 0, 985, 2
1695, 0.000025946, 1, 985, 2
1696, 0.000120955, 0, 986, 2
1697, 0.000030115, 1, 986, 2
1698, 0.000122491, 0, 987, 2
1699, 0.000026545, 1, 987, 2
1700, 0.000121674, 0, 988, 2
1701, 0.000008609, 1, 988, 2
1702, 0.000121309, 0, 989, 2
1703, 0.000034219, 1, 989, 2
1704, 0.000121171, 0, 990, 2
1705, 0.000036046, 1, 990, 2
1706, 0.000121695, 0, 991, 2
1707, 0.000008486, 1, 991, 2
1708, 0.000121130, 0, 992, 2
1709, 0.000038891, 1, 992, 2
1710, 0.000121185, 0, 993, 2
1711, 0.000030486, 1, 993, 2
1712, 0.000122682, 0, 994, 2
1713, 0.000008694, 1, 994, 2
1714, 0.000121195, 0, 995, 2
1715, 0.000041214, 1, 995, 2
1716, 0.000121086, 0, 996, 2
1717, 0.000026295, 1, 996, 2
1718, 0.000121762, 0, 997, 2
1719, 0.000010321, 1, 997, 2
1720, 0.000121259, 0, 998, 2
1721, 0.000036028, 1, 998, 2
1722, 0.000121167, 0, 999, 2
1723, 0.000031873, 1, 999, 2
1724, 0.000121303, 0, 1000, 2
1725, 0.000025178, 1, 1000, 2
